<?xml version="1.0" encoding="UTF-8"?>
<rss version="2.0" xmlns:ror="http://rorweb.com/0.1/" >
<channel>
  <title>ROR Sitemap for https://www.trial-157902.url.tw/</title>
  <link>https://www.trial-157902.url.tw/</link>

<item>
     <link>https://www.trial-157902.url.tw/</link>
     <title>輕遊旅行-首頁</title>
     <description>墾丁國家公園以熱帶自然與生態奇觀著稱；台北101現代設計與文化象徵融合；日月潭擁抱湖光山色與邵族傳統，各自呈現台灣多元魅力，誠邀您探索！</description>
     <ror:updatePeriod></ror:updatePeriod>
     <ror:sortOrder>0</ror:sortOrder>
     <ror:resourceOf>sitemap</ror:resourceOf>
</item>
<item>
     <link>https://www.trial-157902.url.tw/index.html</link>
     <title>輕遊旅行-首頁</title>
     <description>墾丁國家公園以熱帶自然與生態奇觀著稱；台北101現代設計與文化象徵融合；日月潭擁抱湖光山色與邵族傳統，各自呈現台灣多元魅力，誠邀您探索！</description>
     <ror:updatePeriod></ror:updatePeriod>
     <ror:sortOrder>1</ror:sortOrder>
     <ror:resourceOf>sitemap</ror:resourceOf>
</item>
<item>
     <link>https://www.trial-157902.url.tw/about.html</link>
     <title>輕遊旅行-關於品牌</title>
     <description>輕遊旅行以「旅行輕鬆,自在探索」為理念,提供高品質,個性化的旅遊體驗理念,於永續與文化鏈接,屢獲亞太旅遊創新獎等國際獎項,致力於打造全球卓越的旅遊信譽品牌</description>
     <ror:updatePeriod></ror:updatePeriod>
     <ror:sortOrder>1</ror:sortOrder>
     <ror:resourceOf>sitemap</ror:resourceOf>
</item>
<item>
     <link>https://www.trial-157902.url.tw/tours.html</link>
     <title></title>
     
     <ror:updatePeriod></ror:updatePeriod>
     <ror:sortOrder>1</ror:sortOrder>
     <ror:resourceOf>sitemap</ror:resourceOf>
</item>
<item>
     <link>https://www.trial-157902.url.tw/guide.html</link>
     <title></title>
     
     <ror:updatePeriod></ror:updatePeriod>
     <ror:sortOrder>1</ror:sortOrder>
     <ror:resourceOf>sitemap</ror:resourceOf>
</item>
<item>
     <link>https://www.trial-157902.url.tw/reviews.html</link>
     <title></title>
     
     <ror:updatePeriod></ror:updatePeriod>
     <ror:sortOrder>1</ror:sortOrder>
     <ror:resourceOf>sitemap</ror:resourceOf>
</item>
</channel>
</rss>
  